,names,distance,mass,radius
0,Sun,0.000015813,1,1
1,Sirius,0008.6,2.1,1.71
2,Canopus,0310,15,71
3,Alpha Centauri,0004.4,1.1,1.2
4,Arcturus,0037,1.1,26
5,Vega,0025,2.2,2.7
6,Capella,0043,2.6,12
7,Rigel,0860,23,78.9
8,Procyon,0011.4,1.5,1.9
9,Betelgeuse,0640[1],20,950
10,Achernar,0144,6.7,9.3
11,Hadar,0390,10.5,8.6
12,Altair,0017,1.8,1.8
13,Acrux,0320,18,8.9
14,Aldebaran,0065,1.5,44
15,Antares,0600,12,680
16,Spica,0260,11.43,7.47
17,Pollux,0034,1.9,8.8
18,Fomalhaut,0025,1.9,1.8
19,Deneb,"2,600",19,203
20,Mimosa,0350,16,8.4
21,Regulus,0077,3.8,3.1
22,Adhara,0430,12.5,14
23,Shaula,0700,14.5,8.8
24,Castor,0052,2.8,2.4
25,Gacrux,0088,1.5,84
26,Bellatrix,0240,8.6,5.8
27,Elnath,0130,5.0,4.2
28,Miaplacidus,0110,3.5,6.8
29,Alnilam,"2,000",32,42
30,Gamma Velorum,"01,100",9.0,6
31,Alnair,0101,4.0,3.4
32,Alioth,0081,2.9,4.2
33,Alnitak,01050,33,20
34,Dubhe,0120,4.25,30
35,Mirfak,0590,8.5,68
36,Wezen,"1,600",17,200
37,Sargas,0270,5.7,26
38,Kaus Australis,0140,3.5,6.8
39,Avior,0630,9.0,130
40,Alkaid,0104,6.1,3.4
41,Menkalinan,081,2.39,2.77
42,Atria,0390,7,92
43,Alhena,0109,2.8,3.3
44,Peacock,0180,5.9,4.8
45,Alsephina[2],0080,2.4,2.9
46,Mirzam,0500,13.5,10
47,Polaris,0430,5.4,39
48,Alphard,0180,3.0,50
49,Mintaka,01200,24,16.5
50,Scheat,0196,2.1,95
51,Almaaz,0653,15,140
52,Rasalgethi,0360,2.8,280
53,Tau Ceti,011.9,0.783,0.893
54,Delta Pavonis,019.92,0.991,1.22
55,Ran,010.48,0.82,0.74
56,V382 Carinae,"08,900",20,485
57,Eta Carinae,"07,500",100,60–881
58,Delta Cephei,0887,4.5,44.5
59,Mu Cephei,"06,000",19.2,972
60,Titawin,044.25,1.27,1.48
61,Rho Cassiopeiae,"08,154",22,636-981
62,P Cygni,"05,545",30,76
63,La Superba,"01,000",,129 - 342
64,VV Cephei,"04,900",18.2,"516 - 1,050"
65,61 Cygni,011.41,0.7,0.665
66,R Doradus,0178,0.7 - 1.0,298
67,Polaris Australis,0281,1.59,3.74
68,R Coronae Borealis,"04,566",0.85,85
69,54 Piscium,036.1,0.76,0.94
70,Mira,0300,1.2,370
71,RW Cephei,"014,000",13.9,"1,158"
72,Lacaille 8760,012.87,0.6,0.51
73,V838 Monocerotis,"019,896",?,380 - 750
74,HD 140283,0190,?,1.4
75,II Pegasi,0130,0.8,3.4
76,VY Canis Majoris,"03,900",17,"1,420"
77,Pistol Star,"025,000",100,320
78,S Doradus,"0169,000",24,380
79,UY Scuti,"05,100",7–10,755
80,Barnard's Star,05.98,0.14,0.20
81,Luhman 16,06.52,0.04,?
82,Proxima Centauri,04.25,0.12,0.15
83,KIC 8462852,"01,470",1.43,1.58
84,R136a1,"0163,000",290,32
85,Melnick 42,"0163,000",189,21.1
86,WR 102,"018,134",19,0.39
87,VFTS 352,"0164,000",57.48,14.47
88,YBP 1194,"02,772",1.01,0.99
89,Gliese 1214,047.5,0.16,0.21
90,NML Cygni,"05,251",50,"1,640 - 2,770"
91,VB 10,018.72,0.075,0.10
92,WOH G64,"0163,000",<20,"1,540 - 1,730"
93,TRAPPIST-1,039.6,0.089,0.12
94,2MASS J0523-1403,040.3,0.07,0.086
95,WISE 0855−0714,07.27,0.003,?
96,Icarus,"014,400,000,000",33,?
97,SDSS J000013.54+255418.6 [de],46.1,0.045820224,0.10173536999999999
98,2MASS J00040288-6410358,192.0,0.018137172,0.16750368999999998
99,2MASS J00242463-0158201,37.7,0.075412452,0.11201167000000001
100,2MASS J00274197+0503417,236.0,0.029592228,0.14797871999999998
101,2MASSW J0030300-145033,87.2,0.051547752,0.10070773999999999
102,2MASS J00332386-1521309 [de],131.0,0.027683052,0.14695108999999998
103,2MASS J00345157+0523050,31.0,0.040092696000000004,0.09659721999999998
104,2MASS 0036+1821,28.6,0.040092696000000004,0.09659721999999998
105,2MASSW J0045214+163445,57.0,0.021955524,0.16647606
106,WISEP J004701.06+680352.1 [fr],40.0,0.011455056,0.13359189999999999
107,2MASS J00501994-3322402 [de],34.0,0.03818352,0.09659721999999998
108,2MASS J00584253-0651239 [de],96.0,0.027683052,0.14695108999999998
109,2MASSI J0103320+193536,70.0,0.049638576000000004,0.10070773999999999
110,SDSSp J010752.33+004156.1 [de],51.0,0.049638576000000004,0.10070773999999999
111,2MASSI J0117474-340325 [de],163.0,0.01909176,0.16647606
112,2MASS J01415823-4633574 [de],130.0,0.01909176,0.16544843
113,SDSS J015141.69+124429.6,70.0,0.044865636,0.09968010999999999
114,SDSS J020742.48+000056.2 [de],111.0,0.044865636,0.09968010999999999
115,2MASS J02103857-3015313,101.0,0.014318820000000001,0.15722739
116,2MASS J02340093-6442068,155.0,0.01909176,0.16647606
117,2MASS J02411151-0326587 [de],152.0,0.025773876,0.14489582999999998
118,2MASS J02431371−2453298,35.0,0.031501404000000004,0.10173536999999999
119,LP 771-21,53.0,0.074457864,0.11098404
120,Teegarden's star,12.578,0.07636704,0.13050900999999998
121,2MASS J02535980+3206373,184.0,0.06204822,0.19524969999999997
122,WISE J0254+0223,24.0,0.06204822,0.19524969999999997
123,DEN 0255-4700,16.2,0.07636704,0.09968010999999999
124,2MASS J03185403-3421292 [de],45.0,0.046774812,0.09968010999999999
125,2MASS J03205965+1854233,47.0,0.084003744,0.11817744999999999
126,2MASS J03231002-4631237,192.0,0.021955524,0.17058658
127,SDSS J032553.17+042540.1,59.0,0.04295646,0.09762484999999999
128,2MASS J03264225-2102057 [de],80.0,0.017182584,0.13359189999999999
129,2MASS J03284265+2302051 [de],98.0,0.051547752,0.10070773999999999
130,2MASS J03341218-4953322,27.0,0.069684924,0.10687352
131,LP 944-20,20.9,0.069684924,0.14695108999999998
132,2MASP J0345432+254023,88.0,0.070639512,0.10790115
133,Teide 1,380.0,0.05250234,0.38844413999999994
134,2MASS J03510004-0052452,48.0,0.09736797600000001,0.13050900999999998
135,2MASS J03552337+1133437,29.8,0.01909176,0.13564716
136,2MASS J04151954−0935066,18.6,0.028637640000000002,0.09762484999999999
137,2MASS J04285096-2253227 [de],85.0,0.07636704,0.11201167000000001
138,2MASS J04351612-1606574,34.0,0.0954588,0.12948137999999998
139,2MASS J04362788-4114465,142.0,0.037228932,0.20244310999999998
140,2MASS J04390101-2353083 [de],29.5,0.045820224,0.09968010999999999
141,2MASS J04433764+0002040,82.0,0.021000936,0.18291813999999998
142,2MASS J04455387-3048204 [de],42.0,0.061093632,0.102763
143,2MASS J04510093-3402150 [de],69.0,0.00099277152,7.398935999999999
144,2MASS J05002100+0330501 [de],44.0,0.061093632,0.102763
145,2MASS J05012406-0010452 [de],64.0,0.020046348000000002,0.14181293999999997
146,2MASS J05160945-0445499 [de],73.0,0.044865636,0.09968010999999999
147,2MASS J0523−1403,40.0,0.064911984,0.10379063
148,SDSS J053951.99-005902.0,41.62,0.058229868000000004,0.10379063
149,LSR 0602+3910 [de],34.6,0.026728464,0.14489582999999998
150,2MASS J06085283-2753583,102.0,0.036274344,0.15517213
151,2MASS J06244595-4521548 [de],39.0,0.053456928,0.10173536999999999
152,2MASS J06411840-4322329 [de],65.0,0.063957396,0.10379063
153,DENIS-P J0652197-253450 [de],51.0,0.07159410000000001,0.10790115
154,2MASS J07075327-4900503,60.0,0.068730336,0.10584589
155,UGPS J072227.51-054031.2,13.4,0.024819288000000002,0.10070773999999999
156,2MASSI J0727182+171001 [de],29.6,0.039138108,0.09659721999999998
157,2MASS J07290002-3954043 [de],25.8,0.035319756,0.09659721999999998
158,SDSS J074201.41+205520.5 [de],49.0,0.041047284,0.09659721999999998
159,DENIS-P J0751164-253043 [de],55.0,0.067775748,0.10584589
160,2MASS J07522390+1612157,60.0,0.00191872188,6.987883999999999
161,DENIS J081730.0-615520,16.1,0.042001872,0.09659721999999998
162,2MASS J08251968+2115521 [de],35.0,0.049638576000000004,0.10070773999999999
163,SDSSp J083008.12+482847.4 [de],43.0,0.045820224,0.10173536999999999
164,LHS 2021,55.0,0.084003744,0.11817744999999999
165,SDSS J083048.80+012831.1 [de],77.0,0.043911048,0.09865247999999999
166,2MASSI J0835425-081923 [de],23.53,0.059184456,0.102763
167,2MASSI J0847287-153237 [de],43.0,0.061093632,0.102763
168,2MASS J08533619-0329321,27.6,0.073503276,0.10995641
169,2MASSI J0859254-194926 [de],50.0,0.0477294,0.10070773999999999
170,2MASSI J0937347+293142,20.0,0.040092696000000004,0.09659721999999998
171,2MASS 0939−2448,17.4,0.030546816,0.09762484999999999
172,2MASS J09490860-1545485 [de],59.0,0.046774812,0.09865247999999999
173,2MASS J10073369-4555147,46.0,0.042001872,0.09659721999999998
174,2MASSI J1010148-040649 [de],55.0,0.048683988000000004,0.10070773999999999
175,2MASS J10224821+5825453 [de],60.0,0.025773876,0.14489582999999998
176,2MASSW J1036530-344138 [de],53.0,0.046774812,0.09968010999999999
177,2MASS J1047538+212423 [de],34.4,0.040092696000000004,0.09659721999999998
178,DEN 1048-3956,13.15,0.073503276,0.10995641
179,Luhman 16B,6.516,0.041047284,0.10481826
180,Luhman 16A,6.516,0.03818352,0.10379063
181,DENIS-P J1058.7−1548,49.0,0.061093632,0.102763
182,TWA 28,180.0,0.034365168,0.24560357
183,Cha 110913-773444,163.0,0.007636704,0.18497339999999998
184,SDSS J111010.01+011613.1,63.0,0.008591292,0.12742612
185,2MASS J11145133−2618235,18.2,0.031501404000000004,0.09865247999999999
186,TWA 26,137.0,0.028637640000000002,0.2260786
187,2MASS J11544223-3400390 [de],129.0,0.035319756,0.1541445
188,2MASSW J1155395-372735 [de],31.0,0.061093632,0.102763
189,2MASS J12074836-3900043,217.0,0.016227996,0.17572473
190,2MASSI J1217110-031113 [de],36.0,0.040092696000000004,0.09659721999999998
191,2M 1237+6526,45.6,0.039138108,0.09659721999999998
192,TWA 29,262.0,0.001909176,2.5690749999999998
193,SDSSp J125453.90-012247.4 [de],38.0,0.044865636,0.10070773999999999
194,Kelu-1A,61.0,0.060139044,0.10070773999999999
195,Kelu-1B,61.0,0.055366104,0.10070773999999999
196,2MASS J13204427+0409045,101.0,0.063957396,0.10379063
197,SDSSp J132629.82-003831.5 [de],65.0,0.048683988000000004,0.09968010999999999
198,SDSSp J134646.45-003150.4 [de],48.0,0.042001872,0.09659721999999998
199,2MASS J13595510-4034582,51.0,0.060139044,0.102763
200,ULAS J141623.94+134836.3,29.7,0.030546816,0.09865247999999999
201,SDSS J141659.78+500626.4 [de],149.0,0.056320692,0.10173536999999999
202,DENIS-P J142527.97-365023.4 [de],38.0,0.020046348000000002,0.13564716
203,LHS 2924,38.5,0.072548688,0.10892878
204,2MASS J14392837+1929150,47.0,0.068730336,0.10584589
205,LSPM J1440+1339,72.0,0.087822096,0.12228796999999998
206,2MASS J14482563+1031590 [de],47.0,0.056320692,0.10173536999999999
207,CFBDSIR 1458+10A,104.0,0.0105959268,0.1541445
208,CFBDSIR 1458+10B,104.0,0.008591292,0.13359189999999999
209,TVLM 513-46546,35.1,0.07159410000000001,0.10790115
210,2MASS 1503+2525,20.7,0.042001872,0.09659721999999998
211,CFBDS J150411+102717,71.0,0.042001872,0.09659721999999998
212,2MASSW J1506544+132106 [de],46.0,0.065866572,0.10481826
213,2MASS 1507−1627,23.9,0.057275280000000005,0.10173536999999999
214,TVLM 868-110639,53.0,0.075412452,0.11098404
215,2MASSW J1515008+484742 [de],34.0,0.054411516,0.10173536999999999
216,2MASSI J1526140+204341 [de],67.0,0.051547752,0.10070773999999999
217,DENIS-P J153941.96-052042.4 [de],51.0,0.060139044,0.102763
218,2MASS J15462718-3325111 [de],37.0,0.042001872,0.09659721999999998
219,2MASSW J1552591+294849 [de],68.0,0.028637640000000002,0.14695108999999998
220,2MASSW J1555157-095605 [de],44.0,0.067775748,0.10584589
221,2MASS J16150413+1340079 [de],48.0,0.040092696000000004,0.09659721999999998
222,SDSSp J162414.37+002915.6 [de],36.0,0.041047284,0.09659721999999998
223,2MASS J16262034+3925190 [de],110.0,0.067775748,0.10584589
224,2MASSW J1632291+190441 [de],50.0,0.046774812,0.09968010999999999
225,WISEPA J164715.59+563208.2,28.0,0.039138108,0.09659721999999998
226,LSPM J1658+7027 [de],60.0,0.069684924,0.10687352
227,2MASSI J1726000+153819,114.0,0.022910112,0.14386819999999997
228,SDSSp J175032.96+175903.9,90.0,0.044865636,0.09968010999999999
229,2MASS J18283572-4849046,39.0,0.04295646,0.09762484999999999
230,LSR J1835+3259,18.5,0.073503276,0.10995641
231,2MASSW J1841086+311727,138.0,0.063957396,0.10379063
232,2MASS J18432213+4040209,46.0,0.091640448,0.12537086
233,2MASS J20004841-7523070,105.0,0.0238647,0.19319443999999997
234,SDSS J204749.61-071818.3,65.0,0.043911048,0.09865247999999999
235,2MASSI J2057540-025230,47.0,0.06682116,0.10481826
236,2MASSI J2104149-103736,62.0,0.065866572,0.10481826
237,PSO J318.5−22,80.0,0.0062048220000000005,0.15722739
238,HB 2124-4228,113.0,0.089731272,0.12434322999999999
239,2MASS J21392676+0220226,32.1,0.043911048,0.09865247999999999
240,2MASS J21481628+4003593,26.3,0.05250234,0.10173536999999999
241,2MASSW J2206450-421721,93.0,0.021000936,0.13667479
242,2MASSW J2208136+292121,154.0,0.025773876,0.14489582999999998
243,2MASSW J2224438-015852,38.0,0.058229868000000004,0.10173536999999999
244,2MASS J22282889-4310262,35.0,0.040092696000000004,0.09659721999999998
245,2MASS J22373255+3922398,64.0,0.069684924,0.10687352
246,2MASSW J2244316+204343,56.0,0.011455056,0.13256426999999998
247,2MASS J23224684-3133231,56.0,0.022910112,0.14284056999999997
248,2MASS J23225299-6151275,148.0,0.016227996,0.16339317
249,2MASS J23515044-2537367,67.0,0.084003744,0.11920507999999998
250,2MASSI J2356547-155310,74.0,0.07636704,0.11201167000000001
251,WISE 0410+1502,20.0,0.005727528,0.12023270999999998
252,WISE 0458+6434A,35.9,0.014318820000000001,0.4316046
253,WISE 0458+6434B,35.9,0.00954588,0.39049939999999994
254,WISE 1405+5534,25.3,0.028637640000000002,0.08837618
255,names,distance,mass,radius
256,Sun,0.000015813,1,1
257,Sirius,0008.6,2.1,1.71
258,Canopus,0310,15,71
259,Alpha Centauri,0004.4,1.1,1.2
260,Arcturus,0037,1.1,26
261,Vega,0025,2.2,2.7
262,Capella,0043,2.6,12
263,Rigel,0860,23,78.9
264,Procyon,0011.4,1.5,1.9
265,Betelgeuse,0640[1],20,950
266,Achernar,0144,6.7,9.3
267,Hadar,0390,10.5,8.6
268,Altair,0017,1.8,1.8
269,Acrux,0320,18,8.9
270,Aldebaran,0065,1.5,44
271,Antares,0600,12,680
272,Spica,0260,11.43,7.47
273,Pollux,0034,1.9,8.8
274,Fomalhaut,0025,1.9,1.8
275,Deneb,"2,600",19,203
276,Mimosa,0350,16,8.4
277,Regulus,0077,3.8,3.1
278,Adhara,0430,12.5,14
279,Shaula,0700,14.5,8.8
280,Castor,0052,2.8,2.4
281,Gacrux,0088,1.5,84
282,Bellatrix,0240,8.6,5.8
283,Elnath,0130,5.0,4.2
284,Miaplacidus,0110,3.5,6.8
285,Alnilam,"2,000",32,42
286,Gamma Velorum,"01,100",9.0,6
287,Alnair,0101,4.0,3.4
288,Alioth,0081,2.9,4.2
289,Alnitak,01050,33,20
290,Dubhe,0120,4.25,30
291,Mirfak,0590,8.5,68
292,Wezen,"1,600",17,200
293,Sargas,0270,5.7,26
294,Kaus Australis,0140,3.5,6.8
295,Avior,0630,9.0,130
296,Alkaid,0104,6.1,3.4
297,Menkalinan,081,2.39,2.77
298,Atria,0390,7,92
299,Alhena,0109,2.8,3.3
300,Peacock,0180,5.9,4.8
301,Alsephina[2],0080,2.4,2.9
302,Mirzam,0500,13.5,10
303,Polaris,0430,5.4,39
304,Alphard,0180,3.0,50
305,Mintaka,01200,24,16.5
306,Scheat,0196,2.1,95
307,Almaaz,0653,15,140
308,Rasalgethi,0360,2.8,280
309,Tau Ceti,011.9,0.783,0.893
310,Delta Pavonis,019.92,0.991,1.22
311,Ran,010.48,0.82,0.74
312,V382 Carinae,"08,900",20,485
313,Eta Carinae,"07,500",100,60–881
314,Delta Cephei,0887,4.5,44.5
315,Mu Cephei,"06,000",19.2,972
316,Titawin,044.25,1.27,1.48
317,Rho Cassiopeiae,"08,154",22,636-981
318,P Cygni,"05,545",30,76
319,La Superba,"01,000",,129 - 342
320,VV Cephei,"04,900",18.2,"516 - 1,050"
321,61 Cygni,011.41,0.7,0.665
322,R Doradus,0178,0.7 - 1.0,298
323,Polaris Australis,0281,1.59,3.74
324,R Coronae Borealis,"04,566",0.85,85
325,54 Piscium,036.1,0.76,0.94
326,Mira,0300,1.2,370
327,RW Cephei,"014,000",13.9,"1,158"
328,Lacaille 8760,012.87,0.6,0.51
329,V838 Monocerotis,"019,896",?,380 - 750
330,HD 140283,0190,?,1.4
331,II Pegasi,0130,0.8,3.4
332,VY Canis Majoris,"03,900",17,"1,420"
333,Pistol Star,"025,000",100,320
334,S Doradus,"0169,000",24,380
335,UY Scuti,"05,100",7–10,755
336,Barnard's Star,05.98,0.14,0.20
337,Luhman 16,06.52,0.04,?
338,Proxima Centauri,04.25,0.12,0.15
339,KIC 8462852,"01,470",1.43,1.58
340,R136a1,"0163,000",290,32
341,Melnick 42,"0163,000",189,21.1
342,WR 102,"018,134",19,0.39
343,VFTS 352,"0164,000",57.48,14.47
344,YBP 1194,"02,772",1.01,0.99
345,Gliese 1214,047.5,0.16,0.21
346,NML Cygni,"05,251",50,"1,640 - 2,770"
347,VB 10,018.72,0.075,0.10
348,WOH G64,"0163,000",<20,"1,540 - 1,730"
349,TRAPPIST-1,039.6,0.089,0.12
350,2MASS J0523-1403,040.3,0.07,0.086
351,WISE 0855−0714,07.27,0.003,?
352,Icarus,"014,400,000,000",33,?
353,SDSS J000013.54+255418.6 [de],46.1,0.045820224,0.10173536999999999
354,2MASS J00040288-6410358,192.0,0.018137172,0.16750368999999998
355,2MASS J00242463-0158201,37.7,0.075412452,0.11201167000000001
356,2MASS J00274197+0503417,236.0,0.029592228,0.14797871999999998
357,2MASSW J0030300-145033,87.2,0.051547752,0.10070773999999999
358,2MASS J00332386-1521309 [de],131.0,0.027683052,0.14695108999999998
359,2MASS J00345157+0523050,31.0,0.040092696000000004,0.09659721999999998
360,2MASS 0036+1821,28.6,0.040092696000000004,0.09659721999999998
361,2MASSW J0045214+163445,57.0,0.021955524,0.16647606
362,WISEP J004701.06+680352.1 [fr],40.0,0.011455056,0.13359189999999999
363,2MASS J00501994-3322402 [de],34.0,0.03818352,0.09659721999999998
364,2MASS J00584253-0651239 [de],96.0,0.027683052,0.14695108999999998
365,2MASSI J0103320+193536,70.0,0.049638576000000004,0.10070773999999999
366,SDSSp J010752.33+004156.1 [de],51.0,0.049638576000000004,0.10070773999999999
367,2MASSI J0117474-340325 [de],163.0,0.01909176,0.16647606
368,2MASS J01415823-4633574 [de],130.0,0.01909176,0.16544843
369,SDSS J015141.69+124429.6,70.0,0.044865636,0.09968010999999999
370,SDSS J020742.48+000056.2 [de],111.0,0.044865636,0.09968010999999999
371,2MASS J02103857-3015313,101.0,0.014318820000000001,0.15722739
372,2MASS J02340093-6442068,155.0,0.01909176,0.16647606
373,2MASS J02411151-0326587 [de],152.0,0.025773876,0.14489582999999998
374,2MASS J02431371−2453298,35.0,0.031501404000000004,0.10173536999999999
375,LP 771-21,53.0,0.074457864,0.11098404
376,Teegarden's star,12.578,0.07636704,0.13050900999999998
377,2MASS J02535980+3206373,184.0,0.06204822,0.19524969999999997
378,WISE J0254+0223,24.0,0.06204822,0.19524969999999997
379,DEN 0255-4700,16.2,0.07636704,0.09968010999999999
380,2MASS J03185403-3421292 [de],45.0,0.046774812,0.09968010999999999
381,2MASS J03205965+1854233,47.0,0.084003744,0.11817744999999999
382,2MASS J03231002-4631237,192.0,0.021955524,0.17058658
383,SDSS J032553.17+042540.1,59.0,0.04295646,0.09762484999999999
384,2MASS J03264225-2102057 [de],80.0,0.017182584,0.13359189999999999
385,2MASS J03284265+2302051 [de],98.0,0.051547752,0.10070773999999999
386,2MASS J03341218-4953322,27.0,0.069684924,0.10687352
387,LP 944-20,20.9,0.069684924,0.14695108999999998
388,2MASP J0345432+254023,88.0,0.070639512,0.10790115
389,Teide 1,380.0,0.05250234,0.38844413999999994
390,2MASS J03510004-0052452,48.0,0.09736797600000001,0.13050900999999998
391,2MASS J03552337+1133437,29.8,0.01909176,0.13564716
392,2MASS J04151954−0935066,18.6,0.028637640000000002,0.09762484999999999
393,2MASS J04285096-2253227 [de],85.0,0.07636704,0.11201167000000001
394,2MASS J04351612-1606574,34.0,0.0954588,0.12948137999999998
395,2MASS J04362788-4114465,142.0,0.037228932,0.20244310999999998
396,2MASS J04390101-2353083 [de],29.5,0.045820224,0.09968010999999999
397,2MASS J04433764+0002040,82.0,0.021000936,0.18291813999999998
398,2MASS J04455387-3048204 [de],42.0,0.061093632,0.102763
399,2MASS J04510093-3402150 [de],69.0,0.00099277152,7.398935999999999
400,2MASS J05002100+0330501 [de],44.0,0.061093632,0.102763
401,2MASS J05012406-0010452 [de],64.0,0.020046348000000002,0.14181293999999997
402,2MASS J05160945-0445499 [de],73.0,0.044865636,0.09968010999999999
403,2MASS J0523−1403,40.0,0.064911984,0.10379063
404,SDSS J053951.99-005902.0,41.62,0.058229868000000004,0.10379063
405,LSR 0602+3910 [de],34.6,0.026728464,0.14489582999999998
406,2MASS J06085283-2753583,102.0,0.036274344,0.15517213
407,2MASS J06244595-4521548 [de],39.0,0.053456928,0.10173536999999999
408,2MASS J06411840-4322329 [de],65.0,0.063957396,0.10379063
409,DENIS-P J0652197-253450 [de],51.0,0.07159410000000001,0.10790115
410,2MASS J07075327-4900503,60.0,0.068730336,0.10584589
411,UGPS J072227.51-054031.2,13.4,0.024819288000000002,0.10070773999999999
412,2MASSI J0727182+171001 [de],29.6,0.039138108,0.09659721999999998
413,2MASS J07290002-3954043 [de],25.8,0.035319756,0.09659721999999998
414,SDSS J074201.41+205520.5 [de],49.0,0.041047284,0.09659721999999998
415,DENIS-P J0751164-253043 [de],55.0,0.067775748,0.10584589
416,2MASS J07522390+1612157,60.0,0.00191872188,6.987883999999999
417,DENIS J081730.0-615520,16.1,0.042001872,0.09659721999999998
418,2MASS J08251968+2115521 [de],35.0,0.049638576000000004,0.10070773999999999
419,SDSSp J083008.12+482847.4 [de],43.0,0.045820224,0.10173536999999999
420,LHS 2021,55.0,0.084003744,0.11817744999999999
421,SDSS J083048.80+012831.1 [de],77.0,0.043911048,0.09865247999999999
422,2MASSI J0835425-081923 [de],23.53,0.059184456,0.102763
423,2MASSI J0847287-153237 [de],43.0,0.061093632,0.102763
424,2MASS J08533619-0329321,27.6,0.073503276,0.10995641
425,2MASSI J0859254-194926 [de],50.0,0.0477294,0.10070773999999999
426,2MASSI J0937347+293142,20.0,0.040092696000000004,0.09659721999999998
427,2MASS 0939−2448,17.4,0.030546816,0.09762484999999999
428,2MASS J09490860-1545485 [de],59.0,0.046774812,0.09865247999999999
429,2MASS J10073369-4555147,46.0,0.042001872,0.09659721999999998
430,2MASSI J1010148-040649 [de],55.0,0.048683988000000004,0.10070773999999999
431,2MASS J10224821+5825453 [de],60.0,0.025773876,0.14489582999999998
432,2MASSW J1036530-344138 [de],53.0,0.046774812,0.09968010999999999
433,2MASS J1047538+212423 [de],34.4,0.040092696000000004,0.09659721999999998
434,DEN 1048-3956,13.15,0.073503276,0.10995641
435,Luhman 16B,6.516,0.041047284,0.10481826
436,Luhman 16A,6.516,0.03818352,0.10379063
437,DENIS-P J1058.7−1548,49.0,0.061093632,0.102763
438,TWA 28,180.0,0.034365168,0.24560357
439,Cha 110913-773444,163.0,0.007636704,0.18497339999999998
440,SDSS J111010.01+011613.1,63.0,0.008591292,0.12742612
441,2MASS J11145133−2618235,18.2,0.031501404000000004,0.09865247999999999
442,TWA 26,137.0,0.028637640000000002,0.2260786
443,2MASS J11544223-3400390 [de],129.0,0.035319756,0.1541445
444,2MASSW J1155395-372735 [de],31.0,0.061093632,0.102763
445,2MASS J12074836-3900043,217.0,0.016227996,0.17572473
446,2MASSI J1217110-031113 [de],36.0,0.040092696000000004,0.09659721999999998
447,2M 1237+6526,45.6,0.039138108,0.09659721999999998
448,TWA 29,262.0,0.001909176,2.5690749999999998
449,SDSSp J125453.90-012247.4 [de],38.0,0.044865636,0.10070773999999999
450,Kelu-1A,61.0,0.060139044,0.10070773999999999
451,Kelu-1B,61.0,0.055366104,0.10070773999999999
452,2MASS J13204427+0409045,101.0,0.063957396,0.10379063
453,SDSSp J132629.82-003831.5 [de],65.0,0.048683988000000004,0.09968010999999999
454,SDSSp J134646.45-003150.4 [de],48.0,0.042001872,0.09659721999999998
455,2MASS J13595510-4034582,51.0,0.060139044,0.102763
456,ULAS J141623.94+134836.3,29.7,0.030546816,0.09865247999999999
457,SDSS J141659.78+500626.4 [de],149.0,0.056320692,0.10173536999999999
458,DENIS-P J142527.97-365023.4 [de],38.0,0.020046348000000002,0.13564716
459,LHS 2924,38.5,0.072548688,0.10892878
460,2MASS J14392837+1929150,47.0,0.068730336,0.10584589
461,LSPM J1440+1339,72.0,0.087822096,0.12228796999999998
462,2MASS J14482563+1031590 [de],47.0,0.056320692,0.10173536999999999
463,CFBDSIR 1458+10A,104.0,0.0105959268,0.1541445
464,CFBDSIR 1458+10B,104.0,0.008591292,0.13359189999999999
465,TVLM 513-46546,35.1,0.07159410000000001,0.10790115
466,2MASS 1503+2525,20.7,0.042001872,0.09659721999999998
467,CFBDS J150411+102717,71.0,0.042001872,0.09659721999999998
468,2MASSW J1506544+132106 [de],46.0,0.065866572,0.10481826
469,2MASS 1507−1627,23.9,0.057275280000000005,0.10173536999999999
470,TVLM 868-110639,53.0,0.075412452,0.11098404
471,2MASSW J1515008+484742 [de],34.0,0.054411516,0.10173536999999999
472,2MASSI J1526140+204341 [de],67.0,0.051547752,0.10070773999999999
473,DENIS-P J153941.96-052042.4 [de],51.0,0.060139044,0.102763
474,2MASS J15462718-3325111 [de],37.0,0.042001872,0.09659721999999998
475,2MASSW J1552591+294849 [de],68.0,0.028637640000000002,0.14695108999999998
476,2MASSW J1555157-095605 [de],44.0,0.067775748,0.10584589
477,2MASS J16150413+1340079 [de],48.0,0.040092696000000004,0.09659721999999998
478,SDSSp J162414.37+002915.6 [de],36.0,0.041047284,0.09659721999999998
479,2MASS J16262034+3925190 [de],110.0,0.067775748,0.10584589
480,2MASSW J1632291+190441 [de],50.0,0.046774812,0.09968010999999999
481,WISEPA J164715.59+563208.2,28.0,0.039138108,0.09659721999999998
482,LSPM J1658+7027 [de],60.0,0.069684924,0.10687352
483,2MASSI J1726000+153819,114.0,0.022910112,0.14386819999999997
484,SDSSp J175032.96+175903.9,90.0,0.044865636,0.09968010999999999
485,2MASS J18283572-4849046,39.0,0.04295646,0.09762484999999999
486,LSR J1835+3259,18.5,0.073503276,0.10995641
487,2MASSW J1841086+311727,138.0,0.063957396,0.10379063
488,2MASS J18432213+4040209,46.0,0.091640448,0.12537086
489,2MASS J20004841-7523070,105.0,0.0238647,0.19319443999999997
490,SDSS J204749.61-071818.3,65.0,0.043911048,0.09865247999999999
491,2MASSI J2057540-025230,47.0,0.06682116,0.10481826
492,2MASSI J2104149-103736,62.0,0.065866572,0.10481826
493,PSO J318.5−22,80.0,0.0062048220000000005,0.15722739
494,HB 2124-4228,113.0,0.089731272,0.12434322999999999
495,2MASS J21392676+0220226,32.1,0.043911048,0.09865247999999999
496,2MASS J21481628+4003593,26.3,0.05250234,0.10173536999999999
497,2MASSW J2206450-421721,93.0,0.021000936,0.13667479
498,2MASSW J2208136+292121,154.0,0.025773876,0.14489582999999998
499,2MASSW J2224438-015852,38.0,0.058229868000000004,0.10173536999999999
500,2MASS J22282889-4310262,35.0,0.040092696000000004,0.09659721999999998
501,2MASS J22373255+3922398,64.0,0.069684924,0.10687352
502,2MASSW J2244316+204343,56.0,0.011455056,0.13256426999999998
503,2MASS J23224684-3133231,56.0,0.022910112,0.14284056999999997
504,2MASS J23225299-6151275,148.0,0.016227996,0.16339317
505,2MASS J23515044-2537367,67.0,0.084003744,0.11920507999999998
506,2MASSI J2356547-155310,74.0,0.07636704,0.11201167000000001
507,WISE 0410+1502,20.0,0.005727528,0.12023270999999998
508,WISE 0458+6434A,35.9,0.014318820000000001,0.4316046
509,WISE 0458+6434B,35.9,0.00954588,0.39049939999999994
510,WISE 1405+5534,25.3,0.028637640000000002,0.08837618
511,names,distance,mass,radius
512,Sun,0.000015813,1,1
513,Sirius,0008.6,2.1,1.71
514,Canopus,0310,15,71
515,Alpha Centauri,0004.4,1.1,1.2
516,Arcturus,0037,1.1,26
517,Vega,0025,2.2,2.7
518,Capella,0043,2.6,12
519,Rigel,0860,23,78.9
520,Procyon,0011.4,1.5,1.9
521,Betelgeuse,0640[1],20,950
522,Achernar,0144,6.7,9.3
523,Hadar,0390,10.5,8.6
524,Altair,0017,1.8,1.8
525,Acrux,0320,18,8.9
526,Aldebaran,0065,1.5,44
527,Antares,0600,12,680
528,Spica,0260,11.43,7.47
529,Pollux,0034,1.9,8.8
530,Fomalhaut,0025,1.9,1.8
531,Deneb,"2,600",19,203
532,Mimosa,0350,16,8.4
533,Regulus,0077,3.8,3.1
534,Adhara,0430,12.5,14
535,Shaula,0700,14.5,8.8
536,Castor,0052,2.8,2.4
537,Gacrux,0088,1.5,84
538,Bellatrix,0240,8.6,5.8
539,Elnath,0130,5.0,4.2
540,Miaplacidus,0110,3.5,6.8
541,Alnilam,"2,000",32,42
542,Gamma Velorum,"01,100",9.0,6
543,Alnair,0101,4.0,3.4
544,Alioth,0081,2.9,4.2
545,Alnitak,01050,33,20
546,Dubhe,0120,4.25,30
547,Mirfak,0590,8.5,68
548,Wezen,"1,600",17,200
549,Sargas,0270,5.7,26
550,Kaus Australis,0140,3.5,6.8
551,Avior,0630,9.0,130
552,Alkaid,0104,6.1,3.4
553,Menkalinan,081,2.39,2.77
554,Atria,0390,7,92
555,Alhena,0109,2.8,3.3
556,Peacock,0180,5.9,4.8
557,Alsephina[2],0080,2.4,2.9
558,Mirzam,0500,13.5,10
559,Polaris,0430,5.4,39
560,Alphard,0180,3.0,50
561,Mintaka,01200,24,16.5
562,Scheat,0196,2.1,95
563,Almaaz,0653,15,140
564,Rasalgethi,0360,2.8,280
565,Tau Ceti,011.9,0.783,0.893
566,Delta Pavonis,019.92,0.991,1.22
567,Ran,010.48,0.82,0.74
568,V382 Carinae,"08,900",20,485
569,Eta Carinae,"07,500",100,60–881
570,Delta Cephei,0887,4.5,44.5
571,Mu Cephei,"06,000",19.2,972
572,Titawin,044.25,1.27,1.48
573,Rho Cassiopeiae,"08,154",22,636-981
574,P Cygni,"05,545",30,76
575,La Superba,"01,000",,129 - 342
576,VV Cephei,"04,900",18.2,"516 - 1,050"
577,61 Cygni,011.41,0.7,0.665
578,R Doradus,0178,0.7 - 1.0,298
579,Polaris Australis,0281,1.59,3.74
580,R Coronae Borealis,"04,566",0.85,85
581,54 Piscium,036.1,0.76,0.94
582,Mira,0300,1.2,370
583,RW Cephei,"014,000",13.9,"1,158"
584,Lacaille 8760,012.87,0.6,0.51
585,V838 Monocerotis,"019,896",?,380 - 750
586,HD 140283,0190,?,1.4
587,II Pegasi,0130,0.8,3.4
588,VY Canis Majoris,"03,900",17,"1,420"
589,Pistol Star,"025,000",100,320
590,S Doradus,"0169,000",24,380
591,UY Scuti,"05,100",7–10,755
592,Barnard's Star,05.98,0.14,0.20
593,Luhman 16,06.52,0.04,?
594,Proxima Centauri,04.25,0.12,0.15
595,KIC 8462852,"01,470",1.43,1.58
596,R136a1,"0163,000",290,32
597,Melnick 42,"0163,000",189,21.1
598,WR 102,"018,134",19,0.39
599,VFTS 352,"0164,000",57.48,14.47
600,YBP 1194,"02,772",1.01,0.99
601,Gliese 1214,047.5,0.16,0.21
602,NML Cygni,"05,251",50,"1,640 - 2,770"
603,VB 10,018.72,0.075,0.10
604,WOH G64,"0163,000",<20,"1,540 - 1,730"
605,TRAPPIST-1,039.6,0.089,0.12
606,2MASS J0523-1403,040.3,0.07,0.086
607,WISE 0855−0714,07.27,0.003,?
608,Icarus,"014,400,000,000",33,?
609,SDSS J000013.54+255418.6 [de],46.1,0.045820224,0.10173536999999999
610,2MASS J00040288-6410358,192.0,0.018137172,0.16750368999999998
611,2MASS J00242463-0158201,37.7,0.075412452,0.11201167000000001
612,2MASS J00274197+0503417,236.0,0.029592228,0.14797871999999998
613,2MASSW J0030300-145033,87.2,0.051547752,0.10070773999999999
614,2MASS J00332386-1521309 [de],131.0,0.027683052,0.14695108999999998
615,2MASS J00345157+0523050,31.0,0.040092696000000004,0.09659721999999998
616,2MASS 0036+1821,28.6,0.040092696000000004,0.09659721999999998
617,2MASSW J0045214+163445,57.0,0.021955524,0.16647606
618,WISEP J004701.06+680352.1 [fr],40.0,0.011455056,0.13359189999999999
619,2MASS J00501994-3322402 [de],34.0,0.03818352,0.09659721999999998
620,2MASS J00584253-0651239 [de],96.0,0.027683052,0.14695108999999998
621,2MASSI J0103320+193536,70.0,0.049638576000000004,0.10070773999999999
622,SDSSp J010752.33+004156.1 [de],51.0,0.049638576000000004,0.10070773999999999
623,2MASSI J0117474-340325 [de],163.0,0.01909176,0.16647606
624,2MASS J01415823-4633574 [de],130.0,0.01909176,0.16544843
625,SDSS J015141.69+124429.6,70.0,0.044865636,0.09968010999999999
626,SDSS J020742.48+000056.2 [de],111.0,0.044865636,0.09968010999999999
627,2MASS J02103857-3015313,101.0,0.014318820000000001,0.15722739
628,2MASS J02340093-6442068,155.0,0.01909176,0.16647606
629,2MASS J02411151-0326587 [de],152.0,0.025773876,0.14489582999999998
630,2MASS J02431371−2453298,35.0,0.031501404000000004,0.10173536999999999
631,LP 771-21,53.0,0.074457864,0.11098404
632,Teegarden's star,12.578,0.07636704,0.13050900999999998
633,2MASS J02535980+3206373,184.0,0.06204822,0.19524969999999997
634,WISE J0254+0223,24.0,0.06204822,0.19524969999999997
635,DEN 0255-4700,16.2,0.07636704,0.09968010999999999
636,2MASS J03185403-3421292 [de],45.0,0.046774812,0.09968010999999999
637,2MASS J03205965+1854233,47.0,0.084003744,0.11817744999999999
638,2MASS J03231002-4631237,192.0,0.021955524,0.17058658
639,SDSS J032553.17+042540.1,59.0,0.04295646,0.09762484999999999
640,2MASS J03264225-2102057 [de],80.0,0.017182584,0.13359189999999999
641,2MASS J03284265+2302051 [de],98.0,0.051547752,0.10070773999999999
642,2MASS J03341218-4953322,27.0,0.069684924,0.10687352
643,LP 944-20,20.9,0.069684924,0.14695108999999998
644,2MASP J0345432+254023,88.0,0.070639512,0.10790115
645,Teide 1,380.0,0.05250234,0.38844413999999994
646,2MASS J03510004-0052452,48.0,0.09736797600000001,0.13050900999999998
647,2MASS J03552337+1133437,29.8,0.01909176,0.13564716
648,2MASS J04151954−0935066,18.6,0.028637640000000002,0.09762484999999999
649,2MASS J04285096-2253227 [de],85.0,0.07636704,0.11201167000000001
650,2MASS J04351612-1606574,34.0,0.0954588,0.12948137999999998
651,2MASS J04362788-4114465,142.0,0.037228932,0.20244310999999998
652,2MASS J04390101-2353083 [de],29.5,0.045820224,0.09968010999999999
653,2MASS J04433764+0002040,82.0,0.021000936,0.18291813999999998
654,2MASS J04455387-3048204 [de],42.0,0.061093632,0.102763
655,2MASS J04510093-3402150 [de],69.0,0.00099277152,7.398935999999999
656,2MASS J05002100+0330501 [de],44.0,0.061093632,0.102763
657,2MASS J05012406-0010452 [de],64.0,0.020046348000000002,0.14181293999999997
658,2MASS J05160945-0445499 [de],73.0,0.044865636,0.09968010999999999
659,2MASS J0523−1403,40.0,0.064911984,0.10379063
660,SDSS J053951.99-005902.0,41.62,0.058229868000000004,0.10379063
661,LSR 0602+3910 [de],34.6,0.026728464,0.14489582999999998
662,2MASS J06085283-2753583,102.0,0.036274344,0.15517213
663,2MASS J06244595-4521548 [de],39.0,0.053456928,0.10173536999999999
664,2MASS J06411840-4322329 [de],65.0,0.063957396,0.10379063
665,DENIS-P J0652197-253450 [de],51.0,0.07159410000000001,0.10790115
666,2MASS J07075327-4900503,60.0,0.068730336,0.10584589
667,UGPS J072227.51-054031.2,13.4,0.024819288000000002,0.10070773999999999
668,2MASSI J0727182+171001 [de],29.6,0.039138108,0.09659721999999998
669,2MASS J07290002-3954043 [de],25.8,0.035319756,0.09659721999999998
670,SDSS J074201.41+205520.5 [de],49.0,0.041047284,0.09659721999999998
671,DENIS-P J0751164-253043 [de],55.0,0.067775748,0.10584589
672,2MASS J07522390+1612157,60.0,0.00191872188,6.987883999999999
673,DENIS J081730.0-615520,16.1,0.042001872,0.09659721999999998
674,2MASS J08251968+2115521 [de],35.0,0.049638576000000004,0.10070773999999999
675,SDSSp J083008.12+482847.4 [de],43.0,0.045820224,0.10173536999999999
676,LHS 2021,55.0,0.084003744,0.11817744999999999
677,SDSS J083048.80+012831.1 [de],77.0,0.043911048,0.09865247999999999
678,2MASSI J0835425-081923 [de],23.53,0.059184456,0.102763
679,2MASSI J0847287-153237 [de],43.0,0.061093632,0.102763
680,2MASS J08533619-0329321,27.6,0.073503276,0.10995641
681,2MASSI J0859254-194926 [de],50.0,0.0477294,0.10070773999999999
682,2MASSI J0937347+293142,20.0,0.040092696000000004,0.09659721999999998
683,2MASS 0939−2448,17.4,0.030546816,0.09762484999999999
684,2MASS J09490860-1545485 [de],59.0,0.046774812,0.09865247999999999
685,2MASS J10073369-4555147,46.0,0.042001872,0.09659721999999998
686,2MASSI J1010148-040649 [de],55.0,0.048683988000000004,0.10070773999999999
687,2MASS J10224821+5825453 [de],60.0,0.025773876,0.14489582999999998
688,2MASSW J1036530-344138 [de],53.0,0.046774812,0.09968010999999999
689,2MASS J1047538+212423 [de],34.4,0.040092696000000004,0.09659721999999998
690,DEN 1048-3956,13.15,0.073503276,0.10995641
691,Luhman 16B,6.516,0.041047284,0.10481826
692,Luhman 16A,6.516,0.03818352,0.10379063
693,DENIS-P J1058.7−1548,49.0,0.061093632,0.102763
694,TWA 28,180.0,0.034365168,0.24560357
695,Cha 110913-773444,163.0,0.007636704,0.18497339999999998
696,SDSS J111010.01+011613.1,63.0,0.008591292,0.12742612
697,2MASS J11145133−2618235,18.2,0.031501404000000004,0.09865247999999999
698,TWA 26,137.0,0.028637640000000002,0.2260786
699,2MASS J11544223-3400390 [de],129.0,0.035319756,0.1541445
700,2MASSW J1155395-372735 [de],31.0,0.061093632,0.102763
701,2MASS J12074836-3900043,217.0,0.016227996,0.17572473
702,2MASSI J1217110-031113 [de],36.0,0.040092696000000004,0.09659721999999998
703,2M 1237+6526,45.6,0.039138108,0.09659721999999998
704,TWA 29,262.0,0.001909176,2.5690749999999998
705,SDSSp J125453.90-012247.4 [de],38.0,0.044865636,0.10070773999999999
706,Kelu-1A,61.0,0.060139044,0.10070773999999999
707,Kelu-1B,61.0,0.055366104,0.10070773999999999
708,2MASS J13204427+0409045,101.0,0.063957396,0.10379063
709,SDSSp J132629.82-003831.5 [de],65.0,0.048683988000000004,0.09968010999999999
710,SDSSp J134646.45-003150.4 [de],48.0,0.042001872,0.09659721999999998
711,2MASS J13595510-4034582,51.0,0.060139044,0.102763
712,ULAS J141623.94+134836.3,29.7,0.030546816,0.09865247999999999
713,SDSS J141659.78+500626.4 [de],149.0,0.056320692,0.10173536999999999
714,DENIS-P J142527.97-365023.4 [de],38.0,0.020046348000000002,0.13564716
715,LHS 2924,38.5,0.072548688,0.10892878
716,2MASS J14392837+1929150,47.0,0.068730336,0.10584589
717,LSPM J1440+1339,72.0,0.087822096,0.12228796999999998
718,2MASS J14482563+1031590 [de],47.0,0.056320692,0.10173536999999999
719,CFBDSIR 1458+10A,104.0,0.0105959268,0.1541445
720,CFBDSIR 1458+10B,104.0,0.008591292,0.13359189999999999
721,TVLM 513-46546,35.1,0.07159410000000001,0.10790115
722,2MASS 1503+2525,20.7,0.042001872,0.09659721999999998
723,CFBDS J150411+102717,71.0,0.042001872,0.09659721999999998
724,2MASSW J1506544+132106 [de],46.0,0.065866572,0.10481826
725,2MASS 1507−1627,23.9,0.057275280000000005,0.10173536999999999
726,TVLM 868-110639,53.0,0.075412452,0.11098404
727,2MASSW J1515008+484742 [de],34.0,0.054411516,0.10173536999999999
728,2MASSI J1526140+204341 [de],67.0,0.051547752,0.10070773999999999
729,DENIS-P J153941.96-052042.4 [de],51.0,0.060139044,0.102763
730,2MASS J15462718-3325111 [de],37.0,0.042001872,0.09659721999999998
731,2MASSW J1552591+294849 [de],68.0,0.028637640000000002,0.14695108999999998
732,2MASSW J1555157-095605 [de],44.0,0.067775748,0.10584589
733,2MASS J16150413+1340079 [de],48.0,0.040092696000000004,0.09659721999999998
734,SDSSp J162414.37+002915.6 [de],36.0,0.041047284,0.09659721999999998
735,2MASS J16262034+3925190 [de],110.0,0.067775748,0.10584589
736,2MASSW J1632291+190441 [de],50.0,0.046774812,0.09968010999999999
737,WISEPA J164715.59+563208.2,28.0,0.039138108,0.09659721999999998
738,LSPM J1658+7027 [de],60.0,0.069684924,0.10687352
739,2MASSI J1726000+153819,114.0,0.022910112,0.14386819999999997
740,SDSSp J175032.96+175903.9,90.0,0.044865636,0.09968010999999999
741,2MASS J18283572-4849046,39.0,0.04295646,0.09762484999999999
742,LSR J1835+3259,18.5,0.073503276,0.10995641
743,2MASSW J1841086+311727,138.0,0.063957396,0.10379063
744,2MASS J18432213+4040209,46.0,0.091640448,0.12537086
745,2MASS J20004841-7523070,105.0,0.0238647,0.19319443999999997
746,SDSS J204749.61-071818.3,65.0,0.043911048,0.09865247999999999
747,2MASSI J2057540-025230,47.0,0.06682116,0.10481826
748,2MASSI J2104149-103736,62.0,0.065866572,0.10481826
749,PSO J318.5−22,80.0,0.0062048220000000005,0.15722739
750,HB 2124-4228,113.0,0.089731272,0.12434322999999999
751,2MASS J21392676+0220226,32.1,0.043911048,0.09865247999999999
752,2MASS J21481628+4003593,26.3,0.05250234,0.10173536999999999
753,2MASSW J2206450-421721,93.0,0.021000936,0.13667479
754,2MASSW J2208136+292121,154.0,0.025773876,0.14489582999999998
755,2MASSW J2224438-015852,38.0,0.058229868000000004,0.10173536999999999
756,2MASS J22282889-4310262,35.0,0.040092696000000004,0.09659721999999998
757,2MASS J22373255+3922398,64.0,0.069684924,0.10687352
758,2MASSW J2244316+204343,56.0,0.011455056,0.13256426999999998
759,2MASS J23224684-3133231,56.0,0.022910112,0.14284056999999997
760,2MASS J23225299-6151275,148.0,0.016227996,0.16339317
761,2MASS J23515044-2537367,67.0,0.084003744,0.11920507999999998
762,2MASSI J2356547-155310,74.0,0.07636704,0.11201167000000001
763,WISE 0410+1502,20.0,0.005727528,0.12023270999999998
764,WISE 0458+6434A,35.9,0.014318820000000001,0.4316046
765,WISE 0458+6434B,35.9,0.00954588,0.39049939999999994
766,WISE 1405+5534,25.3,0.028637640000000002,0.08837618
